id,area,status,item,summary,detail,as_of,sources
"gba-constituted","structure","moved","Greater Bengaluru Authority","In place. A 75-member authority chaired by the Chief Minister, D.K. Shivakumar since June 2026.","The Act came into force on 15 May 2025 and the GBA began functioning fully on 2 September 2025, when BBMP ceased to exist. Members include MPs, MLAs, ministers, future mayors and heads of parastatals; the Bengaluru Development Minister is vice-chair and M. Maheshwar Rao is Chief Commissioner. Of roughly 70 to 75 members, only the five mayors will represent the corporations.","2026-06","https://en.wikipedia.org/wiki/Greater_Bengaluru_Authority | https://www.deccanherald.com/amp/story/india%2Fkarnataka%2Fbengaluru%2Fgovt-constitutes-75-member-greater-bengaluru-authority-3698662 | https://newsonair.gov.in/d-k-shivakumar-sworn-in-as-karnataka-chief-minister/ | https://questionofcities.org/bengaluru-a-step-forward-or-two-steps-backslide-in-urban-governance/"
"five-corporations","structure","moved","Five city corporations","Formed on 2 September 2025. Each is run by an IAS commissioner; none has an elected council yet.","Central (78 sq km), North (158), South (147), East (168) and West (161), about 712 sq km in all. Commissioners: Rajendra Cholan (Central), Sunil Kumar P. (North), Ramesh K.N. (South), D.S. Ramesh (East), Rajendra K.V. (West). The Act allows up to seven corporations.","2026-06","https://en.wikipedia.org/wiki/Greater_Bengaluru_Authority | https://www.deccanherald.com/india/karnataka/bengaluru/bengaluru-civic-revamp-all-you-need-to-know-about-five-corporations-under-gba-3709653"
"staff","structure","underway","Staff split from BBMP","BBMP's staff were redistributed, but the new system is about 4,900 people short of its sanctioned strength.","BBMP had 18,790 employees against 22,411 sanctioned posts. The new set-up needs 23,689: 314 at the GBA, 107 at B-SMILE (the infrastructure company), and 2,163 to 4,315 in each corporation. Sanitation workers (16,807) are the largest group. New hiring is planned in finance, town planning, IT, legal, public health, survey and revenue; the extra wage bill is about Rs 137 crore a year.","2025-09","https://www.deccanherald.com/amp/story/india%2Fkarnataka%2Fbengaluru%2Fwage-bill-rs-137-cr-a-year-gba-system-needs-1-200-more-staff-3705903"
"wards","elections","moved","Ward boundaries and reservations","369 wards notified, up from 198. Reservations notified in January 2026, with half the wards reserved for women.","Ward counts: Central 63, North 72, South 72, East 50, West 112 (some official sources give 111 for West and 368 overall after a late merger). Wards are reserved across General, SC, ST and OBC categories. Voter numbers per ward vary widely: some central wards have under 10,000 voters while Yelahanka and Byatarayanapura average over 20,000.","2026-08","https://thesouthfirst.com/karnataka/karnataka-approves-369-wards-under-gba-raising-hopes-for-long-delayed-civic-polls/ | https://www.deccanherald.com/india/karnataka/karnataka-govt-notifies-reservations-for-369-gba-wards-ahead-of-supreme-court-hearing-3857440 | https://data.opencity.in/dataset/gba-wards-delimitation-2025 | https://www.indianewsnetwork.com/en/bengaluru-electoral-roll-revision-alters-civic-poll-dynamics-20260826"
"elections","elections","not_yet","Corporation elections","Not held. The Supreme Court deadline has moved three times and now stands at 31 December 2026.","The deadline was 30 June 2026, then 31 August, then 31 December, to allow the electoral roll revision to finish. The state has said polls will be held within a month of the final roll (due 27 October 2026). The last civic election was in 2015; the council's term ended in September 2020.","2026-08","https://en.wikipedia.org/wiki/2026_Greater_Bengaluru_Authority_elections | https://www.indianewsnetwork.com/en/bengaluru-electoral-roll-revision-alters-civic-poll-dynamics-20260826"
"voter-roll","elections","underway","Voter roll revision (SIR)","The draft roll lists about 57 lakh voters, down from about 1.03 crore. 46.88 lakh names are flagged for deletion.","Draft roll published 24 August 2026; claims and objections closed 23 September; final roll due 27 October. Most deletions are marked 'shifted from place of residence', which hits renters and migrants hardest. The roll is still organised by the old 'BBMP (North/South/Central)' election districts, with deletion rates of 45 to 49 percent. Anyone left out can apply with Form 6 on the Election Commission portal or ECINET app; helpline 1950.","2026-09","https://www.deccanherald.com/india/karnataka/bengaluru/is-your-name-on-the-bengaluru-voter-list-4688-lakh-names-flagged-for-deletion-4122667 | https://theprint.in/india/governance/bengaluru-to-lucknow-why-urban-centres-are-seeing-high-electoral-roll-deletions-during-sir/3026124/ | https://www.thenewsminute.com/karnataka/karnataka-sir-draft-rolls-are-out-what-voters-need-to-do-next | https://newskarnataka.com/bengaluru/bengaluru-to-hold-two-day-special-campaign-for-voter-roll-claims/19092026/"
"mayors","elections","not_yet","Mayors and councils","No mayor, deputy mayor or councillor in any corporation. Commissioners take all decisions.","Once elected, mayors will serve 30 months (BBMP mayors served one year). Even then, appointed commissioners hold most executive power under the Act.","2026-09","https://en.wikipedia.org/wiki/Bengaluru_Central_City_Corporation | https://prsindia.org/bills/state-legislative-briefs/the-greater-bengaluru-governance-bill-2024"
"budgets","money","moved","Separate budgets","Each corporation presented its first budget for 2026-27, about Rs 20,216 crore combined, approved by the GBA rather than an elected council.","Presented in March 2026 by the commissioners. West (Rs 4,732 cr) and North (Rs 4,341 cr) are the largest; the other three are under Rs 4,000 cr each. About 60 percent goes to public works and 11.4 percent to solid waste; education and the council get under 1 percent each. Combined budgets have roughly doubled from about Rs 10,000 cr a few years ago, but income has not kept pace; corporations historically collect 80 to 90 percent of projected revenue.","2026-03","https://opencity.in/analysis-gba-budgets-2026-27/ | https://www.thenewsminute.com/karnataka/gba-budget-2026-how-bengalurus-east-and-central-corporations-plan-to-reshape-the-city | https://www.deccanherald.com/amp/story/india%2Fkarnataka%2Fbengaluru%2Fat-1st-gba-meet-cm-siddaramaiah-approves-master-plan-preparation-for-bengaluru-3760245"
"revenue-gap","money","stuck","Revenue across corporations","Uneven. West expected Rs 943 crore from two new schemes and has earned nothing; it has paused capital works until December.","West projected Rs 380 cr from premium FAR and Rs 563 cr from B-khata to A-khata conversion; it earned Rs 0 from both. North earned Rs 250 cr from FAR and Rs 80.76 cr from conversions. Property tax so far: East about Rs 870 cr, West Rs 631 cr, North Rs 553 cr. West carries about Rs 1,000 cr in bills pending since February 2024 and is struggling to pay salaries, while running the most parks (496), referral hospitals and schools.","2026-07","https://www.deccanherald.com/amp/story/india/karnataka/bengaluru/nil-revenue-from-khata-switch-far-pushes-cash-strapped-bengaluru-west-corporation-to-the-brink-4099611"
"spending","money","stuck","Spending what was budgeted","Slow. In the first seven months, Central and West spent under half their allocations.","In 2025-26 (after the split), North used the most of its budget; East and South used about 65 percent; Central and West under 50 percent. When income falls short, education, welfare and health are cut first. The 2025-26 BBMP budget was re-divided in September 2025, with West getting the largest share and North, South and Central Rs 313 to 367 crore each.","2026-03","https://opencity.in/analysis-gba-budgets-2026-27/ | https://www.deccanherald.com/india/karnataka/bengaluru/greater-bengaluru-authority-re-allocates-budget-west-gets-biggest-share-3731335"
"legacy-bills","money","legacy","BBMP's unpaid bills","Inherited. Contractors' bills from the BBMP era are being paid by the new corporations, well past the usual two-year cycle.","West alone has about Rs 1,000 crore pending from February 2024 onwards. In September 2026 the state contractors' association set a November deadline over Rs 38,000 crore pending across eight state departments, and threatened to stop work.","2026-09","https://www.deccanherald.com/amp/story/india/karnataka/bengaluru/nil-revenue-from-khata-switch-far-pushes-cash-strapped-bengaluru-west-corporation-to-the-brink-4099611 | https://www.uniindia.com/south-india/karnataka-contractors-bills-clearance-deadline/198138"
"planning-authority","planning","moved","City planning powers","Moved from BDA to the GBA: the master plan, land-use changes, layouts and TDR for about 719 sq km.","Decided at the first GBA meeting on 11 October 2025. BDA keeps planning powers for roughly 400 to 500 sq km on the periphery. Corporations approve individual building plans within the zoning rules. The GBA also approved preparing a new master plan; Bengaluru has had no valid master plan for about a decade.","2025-10","https://www.deccanherald.com/amp/story/india%2Fkarnataka%2Fbengaluru%2Fat-1st-gba-meet-cm-siddaramaiah-approves-master-plan-preparation-for-bengaluru-3760245 | https://www.deccanherald.com/amp/story/india%2Fkarnataka%2Fbengaluru%2Fnew-order-gba-to-take-over-from-bda-3718167 | https://www.deccanherald.com/amp/story/india/karnataka/bengaluru/two-agencies-to-draft-bengaluru-s-new-master-plan-after-a-decade-3819100"
"building-approvals","planning","stuck","Building plan approvals","Split across five corporations with different processes. Approvals and occupancy certificates stalled for about two months in mid-2026.","Small residential plots (up to 50x80 ft) can get automatic approval under the 'Nambike Nakshe' scheme; Central promises same-day and East 15-day processing. But by August 2026, building plan approvals, occupancy certificates and land-use change meetings had stalled for about two months; developers blamed the government change and fragmented processes, officials cited roll-revision duty.","2026-08","https://www.deccanherald.com/amp/story/india/karnataka/bengaluru/approval-logjam-leaves-bengaluru-real-estate-sector-in-limbo-4096886 | https://www.thenewsminute.com/karnataka/gba-budget-2026-how-bengalurus-east-and-central-corporations-plan-to-reshape-the-city"
"garbage","services","underway","Garbage collection","Being handed back from the state's waste company (BSWML) to the corporations. Service is patchy.","In August 2025, after Bengaluru ranked among the dirtiest cities in Swachh Survekshan, the state took door-to-door collection away from BSWML. In June 2026, 200 to 300 collection vehicles were missing daily and corporations were considering buying auto-tippers themselves. In September 2026 the High Court questioned the GBA's segregation claims (petitioners say 35 to 40 percent) and asked where 7,500 tonnes of daily waste goes.","2026-09","https://www.deccanherald.com/india/karnataka/bengaluru/poor-ranking-govt-strips-bswml-of-garbage-collection-3683325 | https://deccanherald.com/india/karnataka/bengaluru/bengaluru-waste-collection-back-to-where-it-began-as-corporations-regain-control-4095198 | https://www.deccanherald.com/amp/story/india/karnataka/bengaluru/why-bengalurus-garbage-crisis-is-getting-worse-nearly-300-vehicles-missing-daily-4034593 | https://supremetoday.ai/karnataka-high-court-questions-gbas-bengaluru-waste-segregation-claims-seeks-comprehensive-report-20260912039"
"property-tax","services","legacy","Property tax payment","Collected by your corporation, but paid on the old BBMP portal, bbmptax.karnataka.gov.in.","Rates are set by the state government in consultation with the GBA. Corporations expect Rs 4,378 crore in property tax in 2026-27, up from Rs 3,815 crore revised for 2024-25.","2026-05","https://www.propnewz.com/blog/bbmp-gba-property-tax-zones-rebates-2026 | https://opencity.in/analysis-gba-budgets-2026-27/"
"ekhata","services","underway","e-khata (digital property record)","About 8 lakh of an estimated 21 lakh properties have one. Conversions from B-khata to A-khata have been slow.","An e-khata is required to sell, register or borrow against property. In 2025, about 26,000 owners got tax notices after e-khata details were matched with tax records. The B-to-A conversion scheme drew 1,169 applications in its first week (Nov 2025), and 98 percent of early applications were pending for missing documents. The GBA is opening passport-style seva kendras and weekly 'Namma e-khata' open houses (from May 2026), and an online flow went live in April 2026.","2026-05","https://therealtytoday.com/news/regulatory/over-8-lakh-e-khatas-issued-gba-to-open-passport-style-centres-for-faster-processing/ | https://www.etvbharat.com/en/state/karnataka-b-khata-to-a-khata-scheme-sees-poor-start-enn25111204591 | https://www.deccanherald.com/india/karnataka/bengaluru/gba-to-launch-weekly-namma-e-khata-open-houses-from-may-16-here-is-the-list-of-venues-in-bengaluru-4001509 | https://www.deccanherald.com/amp/story/india%2Fkarnataka%2Fbengaluru%2Fafter-e-khata-success-tax-tensionfor-bengaluru-property-owners-3643097"
"complaints","services","legacy","Civic complaints","Still on BBMP's Sahaaya 2.0 app and the 1533 helpline. A cross-agency 'Sahaaya Plus' is being built.","In July 2026 the GBA said Sahaaya Plus would track complaints across the corporations, BWSSB, BDA and BMRCL, including those raised on social media. No launch date has been given.","2026-07","https://www.deccanherald.com/india/karnataka/bengaluru/single-window-system-to-track-civic-complaints-across-agencies-4069729"
"trade-licence","services","legacy","Trade licences","Issued centrally by the GBA, reportedly on BBMP's old IT system.","The 2026-27 renewal window ran 1 to 28 February 2026, with a 25 percent penalty in March and 100 percent from April. Licences can be taken for one to five years. Source is a practitioner guide, not an official notice; verify before relying on it.","2026-02","https://calcguru.in/?p=5213"
"water","services","legacy","Water and sewage","Unchanged. Still BWSSB, a separate state board. The GBA only coordinates.","Parastatals were told at the first GBA meeting to appoint contact points at corporation and zone level. Many areas added to the city in 2007 still rely on tankers and borewells. BWSSB helpline: 1916.","2025-10","https://www.deccanherald.com/amp/story/india%2Fkarnataka%2Fbengaluru%2Fat-1st-gba-meet-cm-siddaramaiah-approves-master-plan-preparation-for-bengaluru-3760245 | https://vidhilegalpolicy.in/blog/regulating-bengalurus-notorious-water-tankers/"
"vending","services","stuck","Street vending","Contested. A July 2026 footpath drive removed vendors; the state promised a fresh survey and provisional vending committees.","The Bengaluru Development Minister said vending on main roads would not be allowed, citing pedestrian safety. The government agreed to a new vendor census, to review the ration-card requirement, and to set up provisional Town Vending Committees ahead of elections to them. Many vendors are still waiting for ID cards.","2026-07","https://www.thenewsminute.com/karnataka/bengaluru-vendors-welcome-fresh-survey-oppose-eviction-drive-and-main-road-ban | https://www.deccanherald.com/india/karnataka/bengaluru/karnataka-street-vendors-association-members-warn-greater-bengaluru-authority-of-protest-over-pending-id-cards-3834679"
"ward-committees","participation","not_yet","Ward committees","Can't work as the Act intends until councillors are elected, since councillors chair them. Their role is advisory.","Since 2020, ward-level meetings have been run by nodal officers, with reports of MLAs stepping in and low attendance. Area sabhas, the neighbourhood tier in the 2020 BBMP Act, were dropped from the final GBG Act.","2025-09","https://www.orfonline.org/research/the-greater-bengaluru-governance-act-2024-recasting-tools-of-decision-making-in-the-megacity | https://www.thenewsminute.com/amp/story/karnataka/absence-corporators-bengaluru-mlas-muscle-their-way-ward-committee-meets-163806"
"act-quality","participation","stuck","How experts rate the Act","Janaagraha scored it 3.4 out of 10, better than BBMP's Act on finance and staffing, weaker on planning, leadership and participation.","Janaagraha assessed 33 parameters (August 2025) and scored transparency, accountability and participation at 2.36/10. It recommends a full-term mayor-in-council, funded ward committees, mandatory area sabhas and open data. ORF's Ramanath Jha argues the Act centralises power with the state; PRS flags the CM chairing both the GBA and the planning committee.","2025-09","https://www.deccanherald.com/india/karnataka/bengaluru/janaagraha-study-finds-gaps-in-greater-bengaluru-governance-act-3688315 | https://www.orfonline.org/expert-speak/decentralisation-dismantled-assessing-the-greater-bengaluru-authority-act | https://prsindia.org/bills/state-legislative-briefs/the-greater-bengaluru-governance-bill-2024"
"court-challenge","legal","not_yet","Court challenge to the Act","Pending in the Karnataka High Court. Petitioners argue the Act violates the 74th Amendment on local self-government.","WP 17336/2025 and connected matters (T.S. Nagabharana and others, argued by Prashant Bhushan) ask the court to strike down eleven sections, including those creating the GBA, and to order elections. Heard by the Chief Justice's bench in July 2026; no ruling reported.","2026-07","https://www.livelaw.in/high-court/karnataka-high-court/karnataka-high-court-advprashant-bhushan-challenge-greater-bengaluru-governance-act-541744"
